<VisualMicro>
  <Program Name="MultiWii" Ext=".ino" Location="Z:\##Multicopter_firmwares\##multiwii-navi-dev\MultiWii">
    <Compile CompilerErrors="0" ConfigurationName="Debug" StopOnError="False" OptimiseLibs="True" OptimiseCore="True" BuildPath="C:\Users\sefi\AppData\Local\VMicro\Arduino\Builds\MultiWii\mega2560" IncludeDebug="0" IncludesDebug="0" SketchName="MultiWii" IsCompiled="1" />
    <Platform Name="Arduino">
      <Board CoreFolder="Z:\arduino-1.0.3\hardware\arduino\cores\arduino" McuIdePath="Z:\arduino-1.0.3" Name="mega2560" Description="Arduino Mega 2560 or Mega ADK" VariantFullPath="Z:\arduino-1.0.3\hardware\arduino\variants\mega" name="Arduino Mega 2560 or Mega ADK" upload.protocol="wiring" upload.maximum_size="258048" upload.speed="115200" bootloader.low_fuses="0xFF" bootloader.high_fuses="0xD8" bootloader.extended_fuses="0xFD" bootloader.path="stk500v2" bootloader.file="stk500boot_v2_mega2560.hex" bootloader.unlock_bits="0x3F" bootloader.lock_bits="0x0F" build.mcu="atmega2560" build.f_cpu="16000000L" build.core="arduino" build.variant="mega" runtime.ide.path="Z:\arduino-1.0.3" build.system.path="Z:\arduino-1.0.3\hardware\arduino\system" software="ARDUINO" runtime.ide.version="103" build.core.vmresolved="Z:\arduino-1.0.3\hardware\arduino\cores\arduino" build.core.parentfolder.vmresolved="Z:\arduino-1.0.3\hardware\arduino\cores" build.core.coresparentfolder.vmresolved="Z:\arduino-1.0.3\hardware\arduino" vm.core.include="arduino.h" vm.boardsource.path="Z:\arduino-1.0.3\hardware\arduino" vm.boardsource.name="boards.txt" vm.platformname.name="" build.variant.vmresolved="Z:\arduino-1.0.3\hardware\arduino\variants\mega" compiler.path="Z:\arduino-1.0.3\hardware\tools\avr\bin\" includes=" -I&quot;Z:\arduino-1.0.3\hardware\arduino\cores\arduino&quot;  -I&quot;Z:\arduino-1.0.3\hardware\arduino\variants\mega&quot; " build.path="C:\Users\sefi\AppData\Local\VMicro\Arduino\Builds\MultiWii\mega2560" build.project_name="MultiWii" build.variant.path="Z:\arduino-1.0.3\hardware\arduino\variants\mega" archive_file="core.a" object_file="&quot;C:\Users\sefi\AppData\Local\VMicro\Arduino\Builds\MultiWii\mega2560\Serial.cpp.o&quot;" source_file="&quot;C:\Users\sefi\AppData\Local\VMicro\Arduino\Builds\MultiWii\mega2560\Serial.cpp&quot;" object_files="&quot;C:\Users\sefi\AppData\Local\VMicro\Arduino\Builds\MultiWii\mega2560\Alarms.cpp.o&quot; &quot;C:\Users\sefi\AppData\Local\VMicro\Arduino\Builds\MultiWii\mega2560\EEPROM.cpp.o&quot; &quot;C:\Users\sefi\AppData\Local\VMicro\Arduino\Builds\MultiWii\mega2560\GPS.cpp.o&quot; &quot;C:\Users\sefi\AppData\Local\VMicro\Arduino\Builds\MultiWii\mega2560\IMU.cpp.o&quot; &quot;C:\Users\sefi\AppData\Local\VMicro\Arduino\Builds\MultiWii\mega2560\LCD.cpp.o&quot; &quot;C:\Users\sefi\AppData\Local\VMicro\Arduino\Builds\MultiWii\mega2560\MultiWii.cpp.o&quot; &quot;C:\Users\sefi\AppData\Local\VMicro\Arduino\Builds\MultiWii\mega2560\Output.cpp.o&quot; &quot;C:\Users\sefi\AppData\Local\VMicro\Arduino\Builds\MultiWii\mega2560\Protocol.cpp.o&quot; &quot;C:\Users\sefi\AppData\Local\VMicro\Arduino\Builds\MultiWii\mega2560\RX.cpp.o&quot; &quot;C:\Users\sefi\AppData\Local\VMicro\Arduino\Builds\MultiWii\mega2560\Sensors.cpp.o&quot; &quot;C:\Users\sefi\AppData\Local\VMicro\Arduino\Builds\MultiWii\mega2560\Serial.cpp.o&quot; " />
    </Platform>
    <VCCodeModel>
      <VCCodeMacros />
    </VCCodeModel>
  </Program>
</VisualMicro>